,image,label
0,images/wood_moderate_001_new.jpg,wood
1,images/wood_object_050_new.jpg,wood
2,images/wood_object_049_new.jpg,wood
3,images/wood_object_048_new.jpg,wood
4,images/wood_object_047_new.jpg,wood
5,images/wood_object_046_new.jpg,wood
6,images/wood_object_045_new.jpg,wood
7,images/wood_object_044_new.jpg,wood
8,images/wood_object_043_new.jpg,wood
9,images/wood_object_042_new.jpg,wood
10,images/wood_object_041_new.jpg,wood
11,images/wood_object_040_new.jpg,wood
12,images/wood_object_039_new.jpg,wood
13,images/wood_object_038_new.jpg,wood
14,images/wood_object_037_new.jpg,wood
15,images/wood_object_036_new.jpg,wood
16,images/wood_object_035_new.jpg,wood
17,images/wood_object_034_new.jpg,wood
18,images/wood_object_033_new.jpg,wood
19,images/wood_object_032_new.jpg,wood
20,images/wood_object_031_new.jpg,wood
21,images/wood_object_030_new.jpg,wood
22,images/wood_object_029_new.jpg,wood
23,images/wood_object_028_new.jpg,wood
24,images/wood_object_027_new.jpg,wood
25,images/wood_object_026_new.jpg,wood
26,images/wood_object_025_new.jpg,wood
27,images/wood_object_024_new.jpg,wood
28,images/wood_object_023_new.jpg,wood
29,images/wood_object_022_new.jpg,wood
30,images/wood_object_021_new.jpg,wood
31,images/wood_object_020_new.jpg,wood
32,images/wood_object_019_new.jpg,wood
33,images/wood_object_018_new.jpg,wood
34,images/wood_object_017_new.jpg,wood
35,images/wood_object_016_new.jpg,wood
36,images/wood_object_015_new.jpg,wood
37,images/wood_object_014_new.jpg,wood
38,images/wood_object_013_new.jpg,wood
39,images/wood_object_012_new.jpg,wood
40,images/wood_object_011_new.jpg,wood
41,images/wood_object_010_new.jpg,wood
42,images/wood_object_009_new.jpg,wood
43,images/wood_object_008_new.jpg,wood
44,images/wood_object_007_new.jpg,wood
45,images/wood_object_006_new.jpg,wood
46,images/wood_object_005_new.jpg,wood
47,images/wood_object_004_new.jpg,wood
48,images/wood_object_003_new.jpg,wood
49,images/wood_object_002_new.jpg,wood
50,images/wood_object_001_new.jpg,wood
51,images/wood_moderate_050_new.jpg,wood
52,images/wood_moderate_049_new.jpg,wood
53,images/wood_moderate_048_new.jpg,wood
54,images/wood_moderate_047_new.jpg,wood
55,images/wood_moderate_046_new.jpg,wood
56,images/wood_moderate_045_new.jpg,wood
57,images/wood_moderate_044_new.jpg,wood
58,images/wood_moderate_043_new.jpg,wood
59,images/wood_moderate_042_new.jpg,wood
60,images/wood_moderate_041_new.jpg,wood
61,images/wood_moderate_040_new.jpg,wood
62,images/wood_moderate_039_new.jpg,wood
63,images/wood_moderate_038_new.jpg,wood
64,images/wood_moderate_037_new.jpg,wood
65,images/wood_moderate_036_new.jpg,wood
66,images/wood_moderate_035_new.jpg,wood
67,images/wood_moderate_034_new.jpg,wood
68,images/wood_moderate_033_new.jpg,wood
69,images/wood_moderate_032_new.jpg,wood
70,images/wood_moderate_031_new.jpg,wood
71,images/wood_moderate_030_new.jpg,wood
72,images/wood_moderate_029_new.jpg,wood
73,images/wood_moderate_028_new.jpg,wood
74,images/wood_moderate_027_new.jpg,wood
75,images/wood_moderate_026_new.jpg,wood
76,images/wood_moderate_025_new.jpg,wood
77,images/wood_moderate_024_new.jpg,wood
78,images/wood_moderate_023_new.jpg,wood
79,images/wood_moderate_022_new.jpg,wood
80,images/wood_moderate_021_new.jpg,wood
81,images/wood_moderate_020_new.jpg,wood
82,images/wood_moderate_019_new.jpg,wood
83,images/wood_moderate_018_new.jpg,wood
84,images/wood_moderate_017_new.jpg,wood
85,images/wood_moderate_016_new.jpg,wood
86,images/wood_moderate_015_new.jpg,wood
87,images/wood_moderate_014_new.jpg,wood
88,images/wood_moderate_013_new.jpg,wood
89,images/wood_moderate_012_new.jpg,wood
90,images/wood_moderate_011_new.jpg,wood
91,images/wood_moderate_010_new.jpg,wood
92,images/wood_moderate_009_new.jpg,wood
93,images/wood_moderate_008_new.jpg,wood
94,images/wood_moderate_007_new.jpg,wood
95,images/wood_moderate_006_new.jpg,wood
96,images/wood_moderate_005_new.jpg,wood
97,images/wood_moderate_004_new.jpg,wood
98,images/wood_moderate_003_new.jpg,wood
99,images/wood_moderate_002_new.jpg,wood
100,images/water_object_050_new.jpg,water
101,images/water_object_049_new.jpg,water
102,images/water_object_048_new.jpg,water
103,images/water_object_047_new.jpg,water
104,images/water_object_046_new.jpg,water
105,images/water_object_045_new.jpg,water
106,images/water_object_044_new.jpg,water
107,images/water_object_043_new.jpg,water
108,images/water_object_042_new.jpg,water
109,images/water_object_041_new.jpg,water
110,images/water_object_040_new.jpg,water
111,images/water_object_039_new.jpg,water
112,images/water_object_038_new.jpg,water
113,images/water_object_037_new.jpg,water
114,images/water_object_036_new.jpg,water
115,images/water_object_035_new.jpg,water
116,images/water_object_034_new.jpg,water
117,images/water_object_033_new.jpg,water
118,images/water_object_032_new.jpg,water
119,images/water_object_031_new.jpg,water
120,images/water_object_030_new.jpg,water
121,images/water_object_029_new.jpg,water
122,images/water_object_028_new.jpg,water
123,images/water_object_027_new.jpg,water
124,images/water_object_026_new.jpg,water
125,images/water_object_025_new.jpg,water
126,images/water_object_024_new.jpg,water
127,images/water_object_023_new.jpg,water
128,images/water_object_022_new.jpg,water
129,images/water_object_021_new.jpg,water
130,images/water_object_020_new.jpg,water
131,images/water_object_019_new.jpg,water
132,images/water_object_018_new.jpg,water
133,images/water_object_017_new.jpg,water
134,images/water_object_016_new.jpg,water
135,images/water_object_015_new.jpg,water
136,images/water_object_014_new.jpg,water
137,images/water_object_013_new.jpg,water
138,images/water_object_012_new.jpg,water
139,images/water_object_011_new.jpg,water
140,images/water_object_010_new.jpg,water
141,images/water_object_009_new.jpg,water
142,images/water_object_008_new.jpg,water
143,images/water_object_007_new.jpg,water
144,images/water_object_006_new.jpg,water
145,images/water_object_005_new.jpg,water
146,images/water_object_004_new.jpg,water
147,images/water_object_003_new.jpg,water
148,images/water_object_002_new.jpg,water
149,images/water_object_001_new.jpg,water
150,images/water_moderate_050_new.jpg,water
151,images/water_moderate_049_new.jpg,water
152,images/water_moderate_048_new.jpg,water
153,images/water_moderate_047_new.jpg,water
154,images/water_moderate_046_new.jpg,water
155,images/water_moderate_045_new.jpg,water
156,images/water_moderate_044_new.jpg,water
157,images/water_moderate_043_new.jpg,water
158,images/water_moderate_042_new.jpg,water
159,images/water_moderate_041_new.jpg,water
160,images/water_moderate_040_new.jpg,water
161,images/water_moderate_039_new.jpg,water
162,images/water_moderate_038_new.jpg,water
163,images/water_moderate_037_new.jpg,water
164,images/water_moderate_036_new.jpg,water
165,images/water_moderate_035_new.jpg,water
166,images/water_moderate_034_new.jpg,water
167,images/water_moderate_033_new.jpg,water
168,images/water_moderate_032_new.jpg,water
169,images/water_moderate_031_new.jpg,water
170,images/water_moderate_030_new.jpg,water
171,images/water_moderate_029_new.jpg,water
172,images/water_moderate_028_new.jpg,water
173,images/water_moderate_027_new.jpg,water
174,images/water_moderate_026_new.jpg,water
175,images/water_moderate_025_new.jpg,water
176,images/water_moderate_024_new.jpg,water
177,images/water_moderate_023_new.jpg,water
178,images/water_moderate_022_new.jpg,water
179,images/water_moderate_021_new.jpg,water
180,images/water_moderate_020_new.jpg,water
181,images/water_moderate_019_new.jpg,water
182,images/water_moderate_018_new.jpg,water
183,images/water_moderate_017_new.jpg,water
184,images/water_moderate_016_new.jpg,water
185,images/water_moderate_015_new.jpg,water
186,images/water_moderate_014_new.jpg,water
187,images/water_moderate_013_new.jpg,water
188,images/water_moderate_012_new.jpg,water
189,images/water_moderate_011_new.jpg,water
190,images/water_moderate_010_new.jpg,water
191,images/water_moderate_009_new.jpg,water
192,images/water_moderate_008_new.jpg,water
193,images/water_moderate_007_new.jpg,water
194,images/water_moderate_006_new.jpg,water
195,images/water_moderate_005_new.jpg,water
196,images/water_moderate_004_new.jpg,water
197,images/water_moderate_003_new.jpg,water
198,images/water_moderate_002_new.jpg,water
199,images/water_moderate_001_new.jpg,water
200,images/stone_moderate_001_new.jpg,stone
201,images/stone_object_050_new.jpg,stone
202,images/stone_object_049_new.jpg,stone
203,images/stone_object_048_new.jpg,stone
204,images/stone_object_047_new.jpg,stone
205,images/stone_object_046_new.jpg,stone
206,images/stone_object_045_new.jpg,stone
207,images/stone_object_044_new.jpg,stone
208,images/stone_object_043_new.jpg,stone
209,images/stone_object_042_new.jpg,stone
210,images/stone_object_041_new.jpg,stone
211,images/stone_object_040_new.jpg,stone
212,images/stone_object_039_new.jpg,stone
213,images/stone_object_038_new.jpg,stone
214,images/stone_object_037_new.jpg,stone
215,images/stone_object_036_new.jpg,stone
216,images/stone_object_035_new.jpg,stone
217,images/stone_object_034_new.jpg,stone
218,images/stone_object_033_new.jpg,stone
219,images/stone_object_032_new.jpg,stone
220,images/stone_object_031_new.jpg,stone
221,images/stone_object_030_new.jpg,stone
222,images/stone_object_029_new.jpg,stone
223,images/stone_object_028_new.jpg,stone
224,images/stone_object_027_new.jpg,stone
225,images/stone_object_026_new.jpg,stone
226,images/stone_object_025_new.jpg,stone
227,images/stone_object_024_new.jpg,stone
228,images/stone_object_023_new.jpg,stone
229,images/stone_object_022_new.jpg,stone
230,images/stone_object_021_new.jpg,stone
231,images/stone_object_020_new.jpg,stone
232,images/stone_object_019_new.jpg,stone
233,images/stone_object_018_new.jpg,stone
234,images/stone_object_017_new.jpg,stone
235,images/stone_object_016_new.jpg,stone
236,images/stone_object_015_new.jpg,stone
237,images/stone_object_014_new.jpg,stone
238,images/stone_object_013_new.jpg,stone
239,images/stone_object_012_new.jpg,stone
240,images/stone_object_011_new.jpg,stone
241,images/stone_object_010_new.jpg,stone
242,images/stone_object_009_new.jpg,stone
243,images/stone_object_008_new.jpg,stone
244,images/stone_object_007_new.jpg,stone
245,images/stone_object_006_new.jpg,stone
246,images/stone_object_005_new.jpg,stone
247,images/stone_object_004_new.jpg,stone
248,images/stone_object_003_new.jpg,stone
249,images/stone_object_002_new.jpg,stone
250,images/stone_object_001_new.jpg,stone
251,images/stone_moderate_050_new.jpg,stone
252,images/stone_moderate_049_new.jpg,stone
253,images/stone_moderate_048_new.jpg,stone
254,images/stone_moderate_047_new.jpg,stone
255,images/stone_moderate_046_new.jpg,stone
256,images/stone_moderate_045_new.jpg,stone
257,images/stone_moderate_044_new.jpg,stone
258,images/stone_moderate_043_new.jpg,stone
259,images/stone_moderate_042_new.jpg,stone
260,images/stone_moderate_041_new.jpg,stone
261,images/stone_moderate_040_new.jpg,stone
262,images/stone_moderate_039_new.jpg,stone
263,images/stone_moderate_038_new.jpg,stone
264,images/stone_moderate_037_new.jpg,stone
265,images/stone_moderate_036_new.jpg,stone
266,images/stone_moderate_035_new.jpg,stone
267,images/stone_moderate_034_new.jpg,stone
268,images/stone_moderate_033_new.jpg,stone
269,images/stone_moderate_032_new.jpg,stone
270,images/stone_moderate_031_new.jpg,stone
271,images/stone_moderate_030_new.jpg,stone
272,images/stone_moderate_029_new.jpg,stone
273,images/stone_moderate_028_new.jpg,stone
274,images/stone_moderate_027_new.jpg,stone
275,images/stone_moderate_026_new.jpg,stone
276,images/stone_moderate_025_new.jpg,stone
277,images/stone_moderate_024_new.jpg,stone
278,images/stone_moderate_023_new.jpg,stone
279,images/stone_moderate_022_new.jpg,stone
280,images/stone_moderate_021_new.jpg,stone
281,images/stone_moderate_020_new.jpg,stone
282,images/stone_moderate_019_new.jpg,stone
283,images/stone_moderate_018_new.jpg,stone
284,images/stone_moderate_017_new.jpg,stone
285,images/stone_moderate_016_new.jpg,stone
286,images/stone_moderate_015_new.jpg,stone
287,images/stone_moderate_014_new.jpg,stone
288,images/stone_moderate_013_new.jpg,stone
289,images/stone_moderate_012_new.jpg,stone
290,images/stone_moderate_011_new.jpg,stone
291,images/stone_moderate_010_new.jpg,stone
292,images/stone_moderate_009_new.jpg,stone
293,images/stone_moderate_008_new.jpg,stone
294,images/stone_moderate_007_new.jpg,stone
295,images/stone_moderate_006_new.jpg,stone
296,images/stone_moderate_005_new.jpg,stone
297,images/stone_moderate_004_new.jpg,stone
298,images/stone_moderate_003_new.jpg,stone
299,images/stone_moderate_002_new.jpg,stone
300,images/plastic_object_050_new.jpg,plastic
301,images/plastic_object_049_new.jpg,plastic
302,images/plastic_object_048_new.jpg,plastic
303,images/plastic_object_047_new.jpg,plastic
304,images/plastic_object_046_new.jpg,plastic
305,images/plastic_object_045_new.jpg,plastic
306,images/plastic_object_044_new.jpg,plastic
307,images/plastic_object_043_new.jpg,plastic
308,images/plastic_object_042_new.jpg,plastic
309,images/plastic_object_041_new.jpg,plastic
310,images/plastic_object_040_new.jpg,plastic
311,images/plastic_object_039_new.jpg,plastic
312,images/plastic_object_038_new.jpg,plastic
313,images/plastic_object_037_new.jpg,plastic
314,images/plastic_object_036_new.jpg,plastic
315,images/plastic_object_035_new.jpg,plastic
316,images/plastic_object_034_new.jpg,plastic
317,images/plastic_object_033_new.jpg,plastic
318,images/plastic_object_032_new.jpg,plastic
319,images/plastic_object_031_new.jpg,plastic
320,images/plastic_object_030_new.jpg,plastic
321,images/plastic_object_029_new.jpg,plastic
322,images/plastic_object_028_new.jpg,plastic
323,images/plastic_object_027_new.jpg,plastic
324,images/plastic_object_026_new.jpg,plastic
325,images/plastic_object_025_new.jpg,plastic
326,images/plastic_object_024_new.jpg,plastic
327,images/plastic_object_023_new.jpg,plastic
328,images/plastic_object_022_new.jpg,plastic
329,images/plastic_object_021_new.jpg,plastic
330,images/plastic_object_020_new.jpg,plastic
331,images/plastic_object_019_new.jpg,plastic
332,images/plastic_object_018_new.jpg,plastic
333,images/plastic_object_017_new.jpg,plastic
334,images/plastic_object_016_new.jpg,plastic
335,images/plastic_object_015_new.jpg,plastic
336,images/plastic_object_014_new.jpg,plastic
337,images/plastic_object_013_new.jpg,plastic
338,images/plastic_object_012_new.jpg,plastic
339,images/plastic_object_011_new.jpg,plastic
340,images/plastic_object_010_new.jpg,plastic
341,images/plastic_object_009_new.jpg,plastic
342,images/plastic_object_008_new.jpg,plastic
343,images/plastic_object_007_new.jpg,plastic
344,images/plastic_object_006_new.jpg,plastic
345,images/plastic_object_005_new.jpg,plastic
346,images/plastic_object_004_new.jpg,plastic
347,images/plastic_object_003_new.jpg,plastic
348,images/plastic_object_002_new.jpg,plastic
349,images/plastic_object_001_new.jpg,plastic
350,images/plastic_moderate_050_new.jpg,plastic
351,images/plastic_moderate_049_new.jpg,plastic
352,images/plastic_moderate_048_new.jpg,plastic
353,images/plastic_moderate_047_new.jpg,plastic
354,images/plastic_moderate_046_new.jpg,plastic
355,images/plastic_moderate_045_new.jpg,plastic
356,images/plastic_moderate_044_new.jpg,plastic
357,images/plastic_moderate_043_new.jpg,plastic
358,images/plastic_moderate_042_new.jpg,plastic
359,images/plastic_moderate_041_new.jpg,plastic
360,images/plastic_moderate_040_new.jpg,plastic
361,images/plastic_moderate_039_new.jpg,plastic
362,images/plastic_moderate_038_new.jpg,plastic
363,images/plastic_moderate_037_new.jpg,plastic
364,images/plastic_moderate_036_new.jpg,plastic
365,images/plastic_moderate_035_new.jpg,plastic
366,images/plastic_moderate_034_new.jpg,plastic
367,images/plastic_moderate_033_new.jpg,plastic
368,images/plastic_moderate_032_new.jpg,plastic
369,images/plastic_moderate_031_new.jpg,plastic
370,images/plastic_moderate_030_new.jpg,plastic
371,images/plastic_moderate_029_new.jpg,plastic
372,images/plastic_moderate_028_new.jpg,plastic
373,images/plastic_moderate_027_new.jpg,plastic
374,images/plastic_moderate_026_new.jpg,plastic
375,images/plastic_moderate_025_new.jpg,plastic
376,images/plastic_moderate_024_new.jpg,plastic
377,images/plastic_moderate_023_new.jpg,plastic
378,images/plastic_moderate_022_new.jpg,plastic
379,images/plastic_moderate_021_new.jpg,plastic
380,images/plastic_moderate_020_new.jpg,plastic
381,images/plastic_moderate_019_new.jpg,plastic
382,images/plastic_moderate_018_new.jpg,plastic
383,images/plastic_moderate_017_new.jpg,plastic
384,images/plastic_moderate_016_new.jpg,plastic
385,images/plastic_moderate_015_new.jpg,plastic
386,images/plastic_moderate_014_new.jpg,plastic
387,images/plastic_moderate_013_new.jpg,plastic
388,images/plastic_moderate_012_new.jpg,plastic
389,images/plastic_moderate_011_new.jpg,plastic
390,images/plastic_moderate_010_new.jpg,plastic
391,images/plastic_moderate_009_new.jpg,plastic
392,images/plastic_moderate_008_new.jpg,plastic
393,images/plastic_moderate_007_new.jpg,plastic
394,images/plastic_moderate_006_new.jpg,plastic
395,images/plastic_moderate_005_new.jpg,plastic
396,images/plastic_moderate_004_new.jpg,plastic
397,images/plastic_moderate_003_new.jpg,plastic
398,images/plastic_moderate_002_new.jpg,plastic
399,images/plastic_moderate_001_new.jpg,plastic
400,images/paper_object_050_new.jpg,paper
401,images/paper_object_049_new.jpg,paper
402,images/paper_object_048_new.jpg,paper
403,images/paper_object_047_new.jpg,paper
404,images/paper_object_046_new.jpg,paper
405,images/paper_object_045_new.jpg,paper
406,images/paper_object_044_new.jpg,paper
407,images/paper_object_043_new.jpg,paper
408,images/paper_object_042_new.jpg,paper
409,images/paper_object_041_new.jpg,paper
410,images/paper_object_040_new.jpg,paper
411,images/paper_object_039_new.jpg,paper
412,images/paper_object_038_new.jpg,paper
413,images/paper_object_037_new.jpg,paper
414,images/paper_object_036_new.jpg,paper
415,images/paper_object_035_new.jpg,paper
416,images/paper_object_034_new.jpg,paper
417,images/paper_object_033_new.jpg,paper
418,images/paper_object_032_new.jpg,paper
419,images/paper_object_031_new.jpg,paper
420,images/paper_object_030_new.jpg,paper
421,images/paper_object_029_new.jpg,paper
422,images/paper_object_028_new.jpg,paper
423,images/paper_object_027_new.jpg,paper
424,images/paper_object_026_new.jpg,paper
425,images/paper_object_025_new.jpg,paper
426,images/paper_object_024_new.jpg,paper
427,images/paper_object_023_new.jpg,paper
428,images/paper_object_022_new.jpg,paper
429,images/paper_object_021_new.jpg,paper
430,images/paper_object_020_new.jpg,paper
431,images/paper_object_019_new.jpg,paper
432,images/paper_object_018_new.jpg,paper
433,images/paper_object_017_new.jpg,paper
434,images/paper_object_016_new.jpg,paper
435,images/paper_object_015_new.jpg,paper
436,images/paper_object_014_new.jpg,paper
437,images/paper_object_013_new.jpg,paper
438,images/paper_object_012_new.jpg,paper
439,images/paper_object_011_new.jpg,paper
440,images/paper_object_010_new.jpg,paper
441,images/paper_object_009_new.jpg,paper
442,images/paper_object_008_new.jpg,paper
443,images/paper_object_007_new.jpg,paper
444,images/paper_object_006_new.jpg,paper
445,images/paper_object_005_new.jpg,paper
446,images/paper_object_004_new.jpg,paper
447,images/paper_object_003_new.jpg,paper
448,images/paper_object_002_new.jpg,paper
449,images/paper_object_001_new.jpg,paper
450,images/paper_moderate_050_new.jpg,paper
451,images/paper_moderate_049_new.jpg,paper
452,images/paper_moderate_048_new.jpg,paper
453,images/paper_moderate_047_new.jpg,paper
454,images/paper_moderate_046_new.jpg,paper
455,images/paper_moderate_045_new.jpg,paper
456,images/paper_moderate_044_new.jpg,paper
457,images/paper_moderate_043_new.jpg,paper
458,images/paper_moderate_042_new.jpg,paper
459,images/paper_moderate_041_new.jpg,paper
460,images/paper_moderate_040_new.jpg,paper
461,images/paper_moderate_039_new.jpg,paper
462,images/paper_moderate_038_new.jpg,paper
463,images/paper_moderate_037_new.jpg,paper
464,images/paper_moderate_036_new.jpg,paper
465,images/paper_moderate_035_new.jpg,paper
466,images/paper_moderate_034_new.jpg,paper
467,images/paper_moderate_033_new.jpg,paper
468,images/paper_moderate_032_new.jpg,paper
469,images/paper_moderate_031_new.jpg,paper
470,images/paper_moderate_030_new.jpg,paper
471,images/paper_moderate_029_new.jpg,paper
472,images/paper_moderate_028_new.jpg,paper
473,images/paper_moderate_027_new.jpg,paper
474,images/paper_moderate_026_new.jpg,paper
475,images/paper_moderate_025_new.jpg,paper
476,images/paper_moderate_024_new.jpg,paper
477,images/paper_moderate_023_new.jpg,paper
478,images/paper_moderate_022_new.jpg,paper
479,images/paper_moderate_021_new.jpg,paper
480,images/paper_moderate_020_new.jpg,paper
481,images/paper_moderate_019_new.jpg,paper
482,images/paper_moderate_018_new.jpg,paper
483,images/paper_moderate_017_new.jpg,paper
484,images/paper_moderate_016_new.jpg,paper
485,images/paper_moderate_015_new.jpg,paper
486,images/paper_moderate_014_new.jpg,paper
487,images/paper_moderate_013_new.jpg,paper
488,images/paper_moderate_012_new.jpg,paper
489,images/paper_moderate_011_new.jpg,paper
490,images/paper_moderate_010_new.jpg,paper
491,images/paper_moderate_009_new.jpg,paper
492,images/paper_moderate_008_new.jpg,paper
493,images/paper_moderate_007_new.jpg,paper
494,images/paper_moderate_006_new.jpg,paper
495,images/paper_moderate_005_new.jpg,paper
496,images/paper_moderate_004_new.jpg,paper
497,images/paper_moderate_003_new.jpg,paper
498,images/paper_moderate_002_new.jpg,paper
499,images/paper_moderate_001_new.jpg,paper
500,images/metal_object_050_new.jpg,metal
501,images/metal_object_049_new.jpg,metal
502,images/metal_object_048_new.jpg,metal
503,images/metal_object_047_new.jpg,metal
504,images/metal_object_046_new.jpg,metal
505,images/metal_object_045_new.jpg,metal
506,images/metal_object_044_new.jpg,metal
507,images/metal_object_043_new.jpg,metal
508,images/metal_object_042_new.jpg,metal
509,images/metal_object_041_new.jpg,metal
510,images/metal_object_040_new.jpg,metal
511,images/metal_object_039_new.jpg,metal
512,images/metal_object_038_new.jpg,metal
513,images/metal_object_037_new.jpg,metal
514,images/metal_object_036_new.jpg,metal
515,images/metal_object_035_new.jpg,metal
516,images/metal_object_034_new.jpg,metal
517,images/metal_object_033_new.jpg,metal
518,images/metal_object_032_new.jpg,metal
519,images/metal_object_031_new.jpg,metal
520,images/metal_object_030_new.jpg,metal
521,images/metal_object_029_new.jpg,metal
522,images/metal_object_028_new.jpg,metal
523,images/metal_object_027_new.jpg,metal
524,images/metal_object_026_new.jpg,metal
525,images/metal_object_025_new.jpg,metal
526,images/metal_object_024_new.jpg,metal
527,images/metal_object_023_new.jpg,metal
528,images/metal_object_022_new.jpg,metal
529,images/metal_object_021_new.jpg,metal
530,images/metal_object_020_new.jpg,metal
531,images/metal_object_019_new.jpg,metal
532,images/metal_object_018_new.jpg,metal
533,images/metal_object_017_new.jpg,metal
534,images/metal_object_016_new.jpg,metal
535,images/metal_object_015_new.jpg,metal
536,images/metal_object_014_new.jpg,metal
537,images/metal_object_013_new.jpg,metal
538,images/metal_object_012_new.jpg,metal
539,images/metal_object_011_new.jpg,metal
540,images/metal_object_010_new.jpg,metal
541,images/metal_object_009_new.jpg,metal
542,images/metal_object_008_new.jpg,metal
543,images/metal_object_007_new.jpg,metal
544,images/metal_object_006_new.jpg,metal
545,images/metal_object_005_new.jpg,metal
546,images/metal_object_004_new.jpg,metal
547,images/metal_object_003_new.jpg,metal
548,images/metal_object_002_new.jpg,metal
549,images/metal_object_001_new.jpg,metal
550,images/metal_moderate_050_new.jpg,metal
551,images/metal_moderate_049_new.jpg,metal
552,images/metal_moderate_048_new.jpg,metal
553,images/metal_moderate_047_new.jpg,metal
554,images/metal_moderate_046_new.jpg,metal
555,images/metal_moderate_045_new.jpg,metal
556,images/metal_moderate_044_new.jpg,metal
557,images/metal_moderate_043_new.jpg,metal
558,images/metal_moderate_042_new.jpg,metal
559,images/metal_moderate_041_new.jpg,metal
560,images/metal_moderate_040_new.jpg,metal
561,images/metal_moderate_039_new.jpg,metal
562,images/metal_moderate_038_new.jpg,metal
563,images/metal_moderate_037_new.jpg,metal
564,images/metal_moderate_036_new.jpg,metal
565,images/metal_moderate_035_new.jpg,metal
566,images/metal_moderate_034_new.jpg,metal
567,images/metal_moderate_033_new.jpg,metal
568,images/metal_moderate_032_new.jpg,metal
569,images/metal_moderate_031_new.jpg,metal
570,images/metal_moderate_030_new.jpg,metal
571,images/metal_moderate_029_new.jpg,metal
572,images/metal_moderate_028_new.jpg,metal
573,images/metal_moderate_027_new.jpg,metal
574,images/metal_moderate_026_new.jpg,metal
575,images/metal_moderate_025_new.jpg,metal
576,images/metal_moderate_024_new.jpg,metal
577,images/metal_moderate_023_new.jpg,metal
578,images/metal_moderate_022_new.jpg,metal
579,images/metal_moderate_021_new.jpg,metal
580,images/metal_moderate_020_new.jpg,metal
581,images/metal_moderate_019_new.jpg,metal
582,images/metal_moderate_018_new.jpg,metal
583,images/metal_moderate_017_new.jpg,metal
584,images/metal_moderate_016_new.jpg,metal
585,images/metal_moderate_015_new.jpg,metal
586,images/metal_moderate_014_new.jpg,metal
587,images/metal_moderate_013_new.jpg,metal
588,images/metal_moderate_012_new.jpg,metal
589,images/metal_moderate_011_new.jpg,metal
590,images/metal_moderate_010_new.jpg,metal
591,images/metal_moderate_009_new.jpg,metal
592,images/metal_moderate_008_new.jpg,metal
593,images/metal_moderate_007_new.jpg,metal
594,images/metal_moderate_006_new.jpg,metal
595,images/metal_moderate_005_new.jpg,metal
596,images/metal_moderate_004_new.jpg,metal
597,images/metal_moderate_003_new.jpg,metal
598,images/metal_moderate_002_new.jpg,metal
599,images/metal_moderate_001_new.jpg,metal
600,images/leather_moderate_001_new.jpg,leather
601,images/leather_object_050_new.jpg,leather
602,images/leather_object_049_new.jpg,leather
603,images/leather_object_048_new.jpg,leather
604,images/leather_object_047_new.jpg,leather
605,images/leather_object_046_new.jpg,leather
606,images/leather_object_045_new.jpg,leather
607,images/leather_object_044_new.jpg,leather
608,images/leather_object_043_new.jpg,leather
609,images/leather_object_042_new.jpg,leather
610,images/leather_object_041_new.jpg,leather
611,images/leather_object_040_new.jpg,leather
612,images/leather_object_039_new.jpg,leather
613,images/leather_object_038_new.jpg,leather
614,images/leather_object_037_new.jpg,leather
615,images/leather_object_036_new.jpg,leather
616,images/leather_object_035_new.jpg,leather
617,images/leather_object_034_new.jpg,leather
618,images/leather_object_033_new.jpg,leather
619,images/leather_object_032_new.jpg,leather
620,images/leather_object_031_new.jpg,leather
621,images/leather_object_030_new.jpg,leather
622,images/leather_object_029_new.jpg,leather
623,images/leather_object_028_new.jpg,leather
624,images/leather_object_027_new.jpg,leather
625,images/leather_object_026_new.jpg,leather
626,images/leather_object_025_new.jpg,leather
627,images/leather_object_024_new.jpg,leather
628,images/leather_object_023_new.jpg,leather
629,images/leather_object_022_new.jpg,leather
630,images/leather_object_021_new.jpg,leather
631,images/leather_object_020_new.jpg,leather
632,images/leather_object_019_new.jpg,leather
633,images/leather_object_018_new.jpg,leather
634,images/leather_object_017_new.jpg,leather
635,images/leather_object_016_new.jpg,leather
636,images/leather_object_015_new.jpg,leather
637,images/leather_object_014_new.jpg,leather
638,images/leather_object_013_new.jpg,leather
639,images/leather_object_012_new.jpg,leather
640,images/leather_object_011_new.jpg,leather
641,images/leather_object_010_new.jpg,leather
642,images/leather_object_009_new.jpg,leather
643,images/leather_object_008_new.jpg,leather
644,images/leather_object_007_new.jpg,leather
645,images/leather_object_006_new.jpg,leather
646,images/leather_object_005_new.jpg,leather
647,images/leather_object_004_new.jpg,leather
648,images/leather_object_003_new.jpg,leather
649,images/leather_object_002_new.jpg,leather
650,images/leather_object_001_new.jpg,leather
651,images/leather_moderate_050_new.jpg,leather
652,images/leather_moderate_049_new.jpg,leather
653,images/leather_moderate_048_new.jpg,leather
654,images/leather_moderate_047_new.jpg,leather
655,images/leather_moderate_046_new.jpg,leather
656,images/leather_moderate_045_new.jpg,leather
657,images/leather_moderate_044_new.jpg,leather
658,images/leather_moderate_043_new.jpg,leather
659,images/leather_moderate_042_new.jpg,leather
660,images/leather_moderate_041_new.jpg,leather
661,images/leather_moderate_040_new.jpg,leather
662,images/leather_moderate_039_new.jpg,leather
663,images/leather_moderate_038_new.jpg,leather
664,images/leather_moderate_037_new.jpg,leather
665,images/leather_moderate_036_new.jpg,leather
666,images/leather_moderate_035_new.jpg,leather
667,images/leather_moderate_034_new.jpg,leather
668,images/leather_moderate_033_new.jpg,leather
669,images/leather_moderate_032_new.jpg,leather
670,images/leather_moderate_031_new.jpg,leather
671,images/leather_moderate_030_new.jpg,leather
672,images/leather_moderate_029_new.jpg,leather
673,images/leather_moderate_028_new.jpg,leather
674,images/leather_moderate_027_new.jpg,leather
675,images/leather_moderate_026_new.jpg,leather
676,images/leather_moderate_025_new.jpg,leather
677,images/leather_moderate_024_new.jpg,leather
678,images/leather_moderate_023_new.jpg,leather
679,images/leather_moderate_022_new.jpg,leather
680,images/leather_moderate_021_new.jpg,leather
681,images/leather_moderate_020_new.jpg,leather
682,images/leather_moderate_019_new.jpg,leather
683,images/leather_moderate_018_new.jpg,leather
684,images/leather_moderate_017_new.jpg,leather
685,images/leather_moderate_016_new.jpg,leather
686,images/leather_moderate_015_new.jpg,leather
687,images/leather_moderate_014_new.jpg,leather
688,images/leather_moderate_013_new.jpg,leather
689,images/leather_moderate_012_new.jpg,leather
690,images/leather_moderate_011_new.jpg,leather
691,images/leather_moderate_010_new.jpg,leather
692,images/leather_moderate_009_new.jpg,leather
693,images/leather_moderate_008_new.jpg,leather
694,images/leather_moderate_007_new.jpg,leather
695,images/leather_moderate_006_new.jpg,leather
696,images/leather_moderate_005_new.jpg,leather
697,images/leather_moderate_004_new.jpg,leather
698,images/leather_moderate_003_new.jpg,leather
699,images/leather_moderate_002_new.jpg,leather
700,images/glass_object_050_new.jpg,glass
701,images/glass_object_049_new.jpg,glass
702,images/glass_object_048_new.jpg,glass
703,images/glass_object_047_new.jpg,glass
704,images/glass_object_046_new.jpg,glass
705,images/glass_object_045_new.jpg,glass
706,images/glass_object_044_new.jpg,glass
707,images/glass_object_043_new.jpg,glass
708,images/glass_object_042_new.jpg,glass
709,images/glass_object_041_new.jpg,glass
710,images/glass_object_040_new.jpg,glass
711,images/glass_object_039_new.jpg,glass
712,images/glass_object_038_new.jpg,glass
713,images/glass_object_037_new.jpg,glass
714,images/glass_object_036_new.jpg,glass
715,images/glass_object_035_new.jpg,glass
716,images/glass_object_034_new.jpg,glass
717,images/glass_object_033_new.jpg,glass
718,images/glass_object_032_new.jpg,glass
719,images/glass_object_031_new.jpg,glass
720,images/glass_object_030_new.jpg,glass
721,images/glass_object_029_new.jpg,glass
722,images/glass_object_028_new.jpg,glass
723,images/glass_object_027_new.jpg,glass
724,images/glass_object_026_new.jpg,glass
725,images/glass_object_025_new.jpg,glass
726,images/glass_object_024_new.jpg,glass
727,images/glass_object_023_new.jpg,glass
728,images/glass_object_022_new.jpg,glass
729,images/glass_object_021_new.jpg,glass
730,images/glass_object_020_new.jpg,glass
731,images/glass_object_019_new.jpg,glass
732,images/glass_object_018_new.jpg,glass
733,images/glass_object_017_new.jpg,glass
734,images/glass_object_016_new.jpg,glass
735,images/glass_object_015_new.jpg,glass
736,images/glass_object_014_new.jpg,glass
737,images/glass_object_013_new.jpg,glass
738,images/glass_object_012_new.jpg,glass
739,images/glass_object_011_new.jpg,glass
740,images/glass_object_010_new.jpg,glass
741,images/glass_object_009_new.jpg,glass
742,images/glass_object_008_new.jpg,glass
743,images/glass_object_007_new.jpg,glass
744,images/glass_object_006_new.jpg,glass
745,images/glass_object_005_new.jpg,glass
746,images/glass_object_004_new.jpg,glass
747,images/glass_object_003_new.jpg,glass
748,images/glass_object_002_new.jpg,glass
749,images/glass_object_001_new.jpg,glass
750,images/glass_moderate_050_new.jpg,glass
751,images/glass_moderate_049_new.jpg,glass
752,images/glass_moderate_048_new.jpg,glass
753,images/glass_moderate_047_new.jpg,glass
754,images/glass_moderate_046_new.jpg,glass
755,images/glass_moderate_045_new.jpg,glass
756,images/glass_moderate_044_new.jpg,glass
757,images/glass_moderate_043_new.jpg,glass
758,images/glass_moderate_042_new.jpg,glass
759,images/glass_moderate_041_new.jpg,glass
760,images/glass_moderate_040_new.jpg,glass
761,images/glass_moderate_039_new.jpg,glass
762,images/glass_moderate_038_new.jpg,glass
763,images/glass_moderate_037_new.jpg,glass
764,images/glass_moderate_036_new.jpg,glass
765,images/glass_moderate_035_new.jpg,glass
766,images/glass_moderate_034_new.jpg,glass
767,images/glass_moderate_033_new.jpg,glass
768,images/glass_moderate_032_new.jpg,glass
769,images/glass_moderate_031_new.jpg,glass
770,images/glass_moderate_030_new.jpg,glass
771,images/glass_moderate_029_new.jpg,glass
772,images/glass_moderate_028_new.jpg,glass
773,images/glass_moderate_027_new.jpg,glass
774,images/glass_moderate_026_new.jpg,glass
775,images/glass_moderate_025_new.jpg,glass
776,images/glass_moderate_024_new.jpg,glass
777,images/glass_moderate_023_new.jpg,glass
778,images/glass_moderate_022_new.jpg,glass
779,images/glass_moderate_021_new.jpg,glass
780,images/glass_moderate_020_new.jpg,glass
781,images/glass_moderate_019_new.jpg,glass
782,images/glass_moderate_018_new.jpg,glass
783,images/glass_moderate_017_new.jpg,glass
784,images/glass_moderate_016_new.jpg,glass
785,images/glass_moderate_015_new.jpg,glass
786,images/glass_moderate_014_new.jpg,glass
787,images/glass_moderate_013_new.jpg,glass
788,images/glass_moderate_012_new.jpg,glass
789,images/glass_moderate_011_new.jpg,glass
790,images/glass_moderate_010_new.jpg,glass
791,images/glass_moderate_009_new.jpg,glass
792,images/glass_moderate_008_new.jpg,glass
793,images/glass_moderate_007_new.jpg,glass
794,images/glass_moderate_006_new.jpg,glass
795,images/glass_moderate_005_new.jpg,glass
796,images/glass_moderate_004_new.jpg,glass
797,images/glass_moderate_003_new.jpg,glass
798,images/glass_moderate_002_new.jpg,glass
799,images/glass_moderate_001_new.jpg,glass
800,images/foliage_final_100_new.jpg,foliage
801,images/foliage_final_099_new.jpg,foliage
802,images/foliage_final_098_new.jpg,foliage
803,images/foliage_final_097_new.jpg,foliage
804,images/foliage_final_096_new.jpg,foliage
805,images/foliage_final_095_new.jpg,foliage
806,images/foliage_final_094_new.jpg,foliage
807,images/foliage_final_093_new.jpg,foliage
808,images/foliage_final_092_new.jpg,foliage
809,images/foliage_final_091_new.jpg,foliage
810,images/foliage_final_090_new.jpg,foliage
811,images/foliage_final_089_new.jpg,foliage
812,images/foliage_final_088_new.jpg,foliage
813,images/foliage_final_087_new.jpg,foliage
814,images/foliage_final_086_new.jpg,foliage
815,images/foliage_final_085_new.jpg,foliage
816,images/foliage_final_084_new.jpg,foliage
817,images/foliage_final_083_new.jpg,foliage
818,images/foliage_final_082_new.jpg,foliage
819,images/foliage_final_081_new.jpg,foliage
820,images/foliage_final_080_new.jpg,foliage
821,images/foliage_final_079_new.jpg,foliage
822,images/foliage_final_078_new.jpg,foliage
823,images/foliage_final_077_new.jpg,foliage
824,images/foliage_final_076_new.jpg,foliage
825,images/foliage_final_075_new.jpg,foliage
826,images/foliage_final_074_new.jpg,foliage
827,images/foliage_final_073_new.jpg,foliage
828,images/foliage_final_072_new.jpg,foliage
829,images/foliage_final_071_new.jpg,foliage
830,images/foliage_final_070_new.jpg,foliage
831,images/foliage_final_069_new.jpg,foliage
832,images/foliage_final_068_new.jpg,foliage
833,images/foliage_final_067_new.jpg,foliage
834,images/foliage_final_066_new.jpg,foliage
835,images/foliage_final_065_new.jpg,foliage
836,images/foliage_final_064_new.jpg,foliage
837,images/foliage_final_063_new.jpg,foliage
838,images/foliage_final_062_new.jpg,foliage
839,images/foliage_final_061_new.jpg,foliage
840,images/foliage_final_060_new.jpg,foliage
841,images/foliage_final_059_new.jpg,foliage
842,images/foliage_final_058_new.jpg,foliage
843,images/foliage_final_057_new.jpg,foliage
844,images/foliage_final_056_new.jpg,foliage
845,images/foliage_final_055_new.jpg,foliage
846,images/foliage_final_054_new.jpg,foliage
847,images/foliage_final_053_new.jpg,foliage
848,images/foliage_final_052_new.jpg,foliage
849,images/foliage_final_051_new.jpg,foliage
850,images/foliage_final_050_new.jpg,foliage
851,images/foliage_final_049_new.jpg,foliage
852,images/foliage_final_048_new.jpg,foliage
853,images/foliage_final_047_new.jpg,foliage
854,images/foliage_final_046_new.jpg,foliage
855,images/foliage_final_045_new.jpg,foliage
856,images/foliage_final_044_new.jpg,foliage
857,images/foliage_final_043_new.jpg,foliage
858,images/foliage_final_042_new.jpg,foliage
859,images/foliage_final_041_new.jpg,foliage
860,images/foliage_final_040_new.jpg,foliage
861,images/foliage_final_039_new.jpg,foliage
862,images/foliage_final_038_new.jpg,foliage
863,images/foliage_final_037_new.jpg,foliage
864,images/foliage_final_036_new.jpg,foliage
865,images/foliage_final_035_new.jpg,foliage
866,images/foliage_final_034_new.jpg,foliage
867,images/foliage_final_033_new.jpg,foliage
868,images/foliage_final_032_new.jpg,foliage
869,images/foliage_final_031_new.jpg,foliage
870,images/foliage_final_030_new.jpg,foliage
871,images/foliage_final_029_new.jpg,foliage
872,images/foliage_final_028_new.jpg,foliage
873,images/foliage_final_027_new.jpg,foliage
874,images/foliage_final_026_new.jpg,foliage
875,images/foliage_final_025_new.jpg,foliage
876,images/foliage_final_024_new.jpg,foliage
877,images/foliage_final_023_new.jpg,foliage
878,images/foliage_final_022_new.jpg,foliage
879,images/foliage_final_021_new.jpg,foliage
880,images/foliage_final_020_new.jpg,foliage
881,images/foliage_final_019_new.jpg,foliage
882,images/foliage_final_018_new.jpg,foliage
883,images/foliage_final_017_new.jpg,foliage
884,images/foliage_final_016_new.jpg,foliage
885,images/foliage_final_015_new.jpg,foliage
886,images/foliage_final_014_new.jpg,foliage
887,images/foliage_final_013_new.jpg,foliage
888,images/foliage_final_012_new.jpg,foliage
889,images/foliage_final_011_new.jpg,foliage
890,images/foliage_final_010_new.jpg,foliage
891,images/foliage_final_009_new.jpg,foliage
892,images/foliage_final_008_new.jpg,foliage
893,images/foliage_final_007_new.jpg,foliage
894,images/foliage_final_006_new.jpg,foliage
895,images/foliage_final_005_new.jpg,foliage
896,images/foliage_final_004_new.jpg,foliage
897,images/foliage_final_003_new.jpg,foliage
898,images/foliage_final_002_new.jpg,foliage
899,images/foliage_final_001_new.jpg,foliage
900,images/fabric_object_050_new.jpg,fabric
901,images/fabric_object_049_new.jpg,fabric
902,images/fabric_object_048_new.jpg,fabric
903,images/fabric_object_047_new.jpg,fabric
904,images/fabric_object_046_new.jpg,fabric
905,images/fabric_object_045_new.jpg,fabric
906,images/fabric_object_044_new.jpg,fabric
907,images/fabric_object_043_new.jpg,fabric
908,images/fabric_object_042_new.jpg,fabric
909,images/fabric_object_041_new.jpg,fabric
910,images/fabric_object_040_new.jpg,fabric
911,images/fabric_object_039_new.jpg,fabric
912,images/fabric_object_038_new.jpg,fabric
913,images/fabric_object_037_new.jpg,fabric
914,images/fabric_object_036_new.jpg,fabric
915,images/fabric_object_035_new.jpg,fabric
916,images/fabric_object_034_new.jpg,fabric
917,images/fabric_object_033_new.jpg,fabric
918,images/fabric_object_032_new.jpg,fabric
919,images/fabric_object_031_new.jpg,fabric
920,images/fabric_object_030_new.jpg,fabric
921,images/fabric_object_029_new.jpg,fabric
922,images/fabric_object_028_new.jpg,fabric
923,images/fabric_object_027_new.jpg,fabric
924,images/fabric_object_026_new.jpg,fabric
925,images/fabric_object_025_new.jpg,fabric
926,images/fabric_object_024_new.jpg,fabric
927,images/fabric_object_023_new.jpg,fabric
928,images/fabric_object_022_new.jpg,fabric
929,images/fabric_object_021_new.jpg,fabric
930,images/fabric_object_020_new.jpg,fabric
931,images/fabric_object_019_new.jpg,fabric
932,images/fabric_object_018_new.jpg,fabric
933,images/fabric_object_017_new.jpg,fabric
934,images/fabric_object_016_new.jpg,fabric
935,images/fabric_object_015_new.jpg,fabric
936,images/fabric_object_014_new.jpg,fabric
937,images/fabric_object_013_new.jpg,fabric
938,images/fabric_object_012_new.jpg,fabric
939,images/fabric_object_011_new.jpg,fabric
940,images/fabric_object_010_new.jpg,fabric
941,images/fabric_object_009_new.jpg,fabric
942,images/fabric_object_008_new.jpg,fabric
943,images/fabric_object_007_new.jpg,fabric
944,images/fabric_object_006_new.jpg,fabric
945,images/fabric_object_005_new.jpg,fabric
946,images/fabric_object_004_new.jpg,fabric
947,images/fabric_object_003_new.jpg,fabric
948,images/fabric_object_002_new.jpg,fabric
949,images/fabric_object_001_new.jpg,fabric
950,images/fabric_moderate_050_new.jpg,fabric
951,images/fabric_moderate_049_new.jpg,fabric
952,images/fabric_moderate_048_new.jpg,fabric
953,images/fabric_moderate_047_new.jpg,fabric
954,images/fabric_moderate_046_new.jpg,fabric
955,images/fabric_moderate_045_new.jpg,fabric
956,images/fabric_moderate_044_new.jpg,fabric
957,images/fabric_moderate_043_new.jpg,fabric
958,images/fabric_moderate_042_new.jpg,fabric
959,images/fabric_moderate_041_new.jpg,fabric
960,images/fabric_moderate_040_new.jpg,fabric
961,images/fabric_moderate_039_new.jpg,fabric
962,images/fabric_moderate_038_new.jpg,fabric
963,images/fabric_moderate_037_new.jpg,fabric
964,images/fabric_moderate_036_new.jpg,fabric
965,images/fabric_moderate_035_new.jpg,fabric
966,images/fabric_moderate_034_new.jpg,fabric
967,images/fabric_moderate_033_new.jpg,fabric
968,images/fabric_moderate_032_new.jpg,fabric
969,images/fabric_moderate_031_new.jpg,fabric
970,images/fabric_moderate_030_new.jpg,fabric
971,images/fabric_moderate_029_new.jpg,fabric
972,images/fabric_moderate_028_new.jpg,fabric
973,images/fabric_moderate_027_new.jpg,fabric
974,images/fabric_moderate_026_new.jpg,fabric
975,images/fabric_moderate_025_new.jpg,fabric
976,images/fabric_moderate_024_new.jpg,fabric
977,images/fabric_moderate_023_new.jpg,fabric
978,images/fabric_moderate_022_new.jpg,fabric
979,images/fabric_moderate_021_new.jpg,fabric
980,images/fabric_moderate_020_new.jpg,fabric
981,images/fabric_moderate_019_new.jpg,fabric
982,images/fabric_moderate_018_new.jpg,fabric
983,images/fabric_moderate_017_new.jpg,fabric
984,images/fabric_moderate_016_new.jpg,fabric
985,images/fabric_moderate_015_new.jpg,fabric
986,images/fabric_moderate_014_new.jpg,fabric
987,images/fabric_moderate_013_new.jpg,fabric
988,images/fabric_moderate_012_new.jpg,fabric
989,images/fabric_moderate_011_new.jpg,fabric
990,images/fabric_moderate_010_new.jpg,fabric
991,images/fabric_moderate_009_new.jpg,fabric
992,images/fabric_moderate_008_new.jpg,fabric
993,images/fabric_moderate_007_new.jpg,fabric
994,images/fabric_moderate_006_new.jpg,fabric
995,images/fabric_moderate_005_new.jpg,fabric
996,images/fabric_moderate_004_new.jpg,fabric
997,images/fabric_moderate_003_new.jpg,fabric
998,images/fabric_moderate_002_new.jpg,fabric
999,images/fabric_moderate_001_new.jpg,fabric
